product_url,product_image_urls,product_name,sales_price,retail_price,brand
https://www.nordstromrack.com/s/natori-impulse-racerback-sport-bralette/6419539?origin=category-personalizedsort&breadcrumb=Home%2FClearance%2FWomen&color=001,https://n.nordstrommedia.com/id/sr3/d43b5967-98be-4ef7-ab3d-ffd6826d29d9.jpeg?h=365&w=240&dpr=2,Impulse Racerback Sport Bralette,11.22,14.97,Nordstrom Rack
https://www.nordstromrack.com/s/madewell-v-neck-short-sleeve-t-shirt-regular-plus-size/6032405?origin=category-personalizedsort&breadcrumb=Home%2FClearance%2FWomen&color=822,https://n.nordstrommedia.com/id/sr3/b9f88114-5b4e-48ab-b677-97b8958f7380.jpeg?h=365&w=240&dpr=2,V-Neck Short Sleeve T-Shirt (Regular & Plus Size),6.79 – 16.97,19.50,Nordstrom Rack
https://www.nordstromrack.com/s/lipglass-lip-gloss/4619754?origin=category-personalizedsort&breadcrumb=Home%2FClearance%2FWomen&color=250,https://n.nordstrommedia.com/id/sr3/eed12429-1995-4bc4-8495-fd4c964b25a5.jpeg?h=365&w=240&dpr=2,Lipglass Lip Gloss,11.97 – 21.00,11.97 – 21.00,Nordstrom Rack
https://www.nordstromrack.com/s/7000176?origin=category-personalizedsort&breadcrumb=Home%2FClearance%2FWomen&color=800,https://n.nordstrommedia.com/id/sr3/492e7c0a-e02f-4f90-b279-485eee4e9fe6.jpeg?h=365&w=240&dpr=2,14K Yellow Gold Lemon Quartz & Pavé Diamond Ring - Size 7,79.97,20.00,Nordstrom Rack
https://www.nordstromrack.com/s/open-edit-side-ruched-skirt/5829292?origin=category-personalizedsort&breadcrumb=Home%2FClearance%2FWomen&color=210,https://n.nordstrommedia.com/id/sr3/2da8d1a3-58b3-4551-8ffd-cad023b4c8eb.jpeg?h=365&w=240&dpr=2,Side Ruched Skirt,11.25,45.00,Nordstrom Rack
https://www.nordstromrack.com/s/asics-gel-excite-9-trainer-sneaker-women/6291500?origin=category-personalizedsort&breadcrumb=Home%2FClearance%2FWomen&color=100,https://n.nordstrommedia.com/id/sr3/b8fa1898-0e39-462b-a9b5-1d5d47c988be.jpeg?h=365&w=240&dpr=2,ASICS GEL-Excite 9 Trainer Sneaker (Women),34.99 – 54.97,75.00,Nordstrom Rack
https://www.nordstromrack.com/s/natori-recharge-underwire-sports-bra-regular-plus-size-a-ddd-cups/6033388?origin=category-personalizedsort&breadcrumb=Home%2FClearance%2FWomen&color=277,https://n.nordstrommedia.com/id/sr3/ac85de92-93cc-493b-a101-87b1a9ca75ba.jpeg?h=365&w=240&dpr=2,"Recharge Underwire Sports Bra (Regular & Plus Size, A-DDD Cups)",18.87 – 26.97,66.00,Nordstrom Rack
https://www.nordstromrack.com/s/5991355?origin=category-personalizedsort&breadcrumb=Home%2FClearance%2FWomen&color=001,https://n.nordstrommedia.com/id/sr3/9a2fd6cd-0f44-4ecb-b71e-7f438bb1fcb3.jpeg?h=365&w=240&dpr=2,JOURNEE Late Buckle Tall Boot,69.97,110.00,Nordstrom Rack
https://www.nordstromrack.com/s/anastasia-beverly-hills-dipbrow-gel-eyebrow-gel/5231359?origin=category-personalizedsort&breadcrumb=Home%2FClearance%2FWomen&color=250,https://n.nordstrommedia.com/id/sr3/41f781d0-4c8a-4148-b2ac-0008a8a2e2d8.jpeg?h=365&w=240&dpr=2,Dipbrow® Gel Eyebrow Gel,7.65,9.00,Nordstrom Rack
https://www.nordstromrack.com/s/jeffree-star-cosmetics-velvet-trap-lipstick/6547233?origin=category-personalizedsort&breadcrumb=Home%2FClearance%2FWomen&color=255,https://n.nordstrommedia.com/id/sr3/8cbf5f97-8b0a-4447-b47c-7fca6cb32b8b.jpeg?h=365&w=240&dpr=2,Velvet Trap Lipstick,7.48 – 9.97,18.00,Nordstrom Rack
https://www.nordstromrack.com/s/mac-mini-lipstick/4652573?origin=category-personalizedsort&breadcrumb=Home%2FClearance%2FWomen&color=600,https://n.nordstrommedia.com/id/sr3/d436b533-ff4c-401f-8ea8-0c2ae57dbdae.jpeg?h=365&w=240&dpr=2,Mini Lipstick,12.75 – 15.00,15.00,Nordstrom Rack
https://www.nordstromrack.com/s/melrose-and-market-lace-cami/6099563?origin=category-personalizedsort&breadcrumb=Home%2FClearance%2FWomen&color=230,https://n.nordstrommedia.com/id/sr3/1e13848a-1b46-41a8-b04e-549edc837aac.jpeg?h=365&w=240&dpr=2,Lace Cami,3.99 – 19.97,19.97,Nordstrom Rack
https://www.nordstromrack.com/s/natori-sheer-jacquard-full-fit-contour-underwire-bra/4663741?origin=category-personalizedsort&breadcrumb=Home%2FClearance%2FWomen&color=541,https://n.nordstrommedia.com/id/sr3/5fad34b9-5d2d-4ab9-b968-7c08fb1b6bd4.jpeg?h=365&w=240&dpr=2,Sheer Jacquard Full Fit Contour Underwire Bra,11.19 – $27.97,64.00,Nordstrom Rack
https://www.nordstromrack.com/s/vince-camuto-evolet-flip-flop-women/5885669?origin=category-personalizedsort&breadcrumb=Home%2FClearance%2FWomen&color=720,https://n.nordstrommedia.com/id/sr3/f1002e3d-1bf8-4746-9219-5218268e4fbf.jpeg?h=365&w=240&dpr=2,Evolet Flip Flop (Women),19.97 – 29.97,59.00 – 59.95,Nordstrom Rack
https://www.nordstromrack.com/s/mac-lip-pencil/2791386?origin=category-personalizedsort&breadcrumb=Home%2FClearance%2FWomen&color=602,https://n.nordstrommedia.com/id/sr3/382ab5aa-b4c7-40bb-8a7c-9cd7aba0e001.jpeg?h=365&w=240&dpr=2,Lip Pencil,18.70,22.00,Nordstrom Rack
https://www.nordstromrack.com/s/mac-matte-lipstick/3022868?origin=category-personalizedsort&breadcrumb=Home%2FClearance%2FWomen&color=204,https://n.nordstrommedia.com/id/sr3/146487a4-0cf1-4ac7-b5b6-f04f5d5a65a9.jpeg?h=365&w=240&dpr=2,Matte Lipstick,11.97 – 22.00,11.97 – 22.00,Nordstrom Rack
https://www.nordstromrack.com/s/natori-lace-undwerwire-bra/6038895?origin=category-personalizedsort&breadcrumb=Home%2FClearance%2FWomen&color=615,https://n.nordstrommedia.com/id/sr3/aea61837-de90-4461-aa71-f48a2a6c008b.jpeg?h=365&w=240&dpr=2,Lace Undwerwire Bra,19.48 – 28.97,70.00,Nordstrom Rack
https://www.nordstromrack.com/s/abound-wynter-faux-fur-slipper-women/6040601?origin=category-personalizedsort&breadcrumb=Home%2FClearance%2FWomen&color=100,https://n.nordstrommedia.com/id/sr3/21e184ee-104c-407e-a220-e9f0eac46a7b.jpeg?h=365&w=240&dpr=2,Wynter Faux Fur Slipper (Women),6.74 – 7.49,14.97,Nordstrom Rack
https://www.nordstromrack.com/s/bp-bp-split-neck-thermal-crop-top/5869811?origin=category-personalizedsort&breadcrumb=Home%2FClearance%2FWomen&color=270,https://n.nordstrommedia.com/id/sr3/acde943f-a859-4ba2-8c21-3735f5ca33e4.jpeg?h=365&w=240&dpr=2,Split Neck Thermal Crop Top,8.75 – 20.00,25.00,Nordstrom Rack
https://www.nordstromrack.com/s/treasure-and-bond-woven-favorite-dress/6267014?origin=category-personalizedsort&breadcrumb=Home%2FClearance%2FWomen&color=720,https://n.nordstrommedia.com/id/sr3/c7ae8924-23cd-48be-ad71-f93c213aae46.jpeg?h=365&w=240&dpr=2,Woven Favorite Dress,15.97,39.00,Nordstrom Rack
https://www.nordstromrack.com/s/caslon-stripe-print-sleeveless-dress/6504177?origin=category-personalizedsort&breadcrumb=Home%2FClearance%2FWomen&color=420,https://n.nordstrommedia.com/id/sr3/38db2902-3400-4a5a-9a3a-5aeddd1c090f.jpeg?h=365&w=240&dpr=2,Stripe Print Sleeveless Dress,22.97,59.00,Nordstrom Rack
https://www.nordstromrack.com/s/stay-naked-powder-all-nighter-setting-spray-travel-duo/7096554?origin=category-personalizedsort&breadcrumb=Home%2FClearance%2FWomen&color=202,https://n.nordstrommedia.com/id/sr3/f113163e-dc30-48f0-b1db-55b723080dc6.jpeg?h=365&w=240&dpr=2,Stay Naked Powder & All Nighter Setting Spray Travel Duo,17.22 – 22.97,39.00,Nordstrom Rack
https://www.nordstromrack.com/s/90-degree-by-reflex-interlink-high-waist-leggings/6060489?origin=category-personalizedsort&breadcrumb=Home%2FClearance%2FWomen&color=028,https://n.nordstrommedia.com/id/sr3/d8a06531-5d0c-4db6-8929-a7ced2ea95ee.jpeg?h=365&w=240&dpr=2,Interlink High Waist Leggings,16.48 – 21.97,78.00,Nordstrom Rack
https://www.nordstromrack.com/s/nordstrom-rack-tranquility-long-sleeve-shirt-pants-two-piece-pajama-set/6156150?origin=category-personalizedsort&breadcrumb=Home%2FClearance%2FWomen&color=664,https://n.nordstrommedia.com/id/sr3/ffcb28de-f50d-4c51-9730-b011eceff0a0.jpeg?h=365&w=240&dpr=2,Tranquility Long Sleeve Shirt & Pants Two-Piece Pajama Set,13.99 – 34.97,34.97,Nordstrom Rack
https://www.nordstromrack.com/s/clinique-moisture-surge-100-hour-auto-replenishing-hydrator-face-moisturizer/5849976?origin=category-personalizedsort&breadcrumb=Home%2FClearance%2FWomen&color=000,https://n.nordstrommedia.com/id/sr3/c30887a3-3c47-44d0-b264-a16048754f51.jpeg?h=365&w=240&dpr=2,Moisture Surge 100-Hour Auto-Replenishing Hydrator Face Moisturizer,13.60 – 37.40,16.00 – 44.00,Nordstrom Rack
https://www.nordstromrack.com/s/natori-refined-contour-underwire-bra/6038640?origin=category-personalizedsort&breadcrumb=Home%2FClearance%2FWomen&color=508,https://n.nordstrommedia.com/id/sr3/e41e6852-3097-499f-b896-bf27ea47b383.jpeg?h=365&w=240&dpr=2,Refined Contour Underwire Bra,11.99 – 29.97,70.00,Nordstrom Rack
https://www.nordstromrack.com/s/adornia-14k-gold-plated-swarovski-crystal-accented-winding-snake-ring/6003934?origin=category-personalizedsort&breadcrumb=Home%2FClearance%2FWomen&color=700,https://n.nordstrommedia.com/id/sr3/838b8f2e-359c-47df-8500-74ee614eb4f2.jpeg?h=365&w=240&dpr=2,14K Gold Plated Swarovski Crystal Accented Winding Snake Ring,19.98,225.00,Nordstrom Rack
https://www.nordstromrack.com/s/z-by-zella-seamless-crossback-bralette/6033354?origin=category-personalizedsort&breadcrumb=Home%2FClearance%2FWomen&color=504,https://n.nordstrommedia.com/id/sr3/c2e504fa-0613-4848-a38d-283dc446bd1a.jpeg?h=365&w=240&dpr=2,Seamless Crossback Bralette,5.99 – 14.97,14.97,Nordstrom Rack
https://www.nordstromrack.com/s/z-by-zella-stellar-stand-collar-sweatshirt/6675637?origin=category-personalizedsort&breadcrumb=Home%2FClearance%2FWomen&color=510,https://n.nordstrommedia.com/id/sr3/e1de9795-a57f-461d-afe1-1f1cd0057c9a.jpeg?h=365&w=240&dpr=2,Stellar Stand Collar Sweatshirt,19.99 – 23.08,32.97,Nordstrom Rack
https://www.nordstromrack.com/s/too-faced-hangover-pillow-balm-ultra-hydrating-lip-treatment/5509600?origin=category-personalizedsort&breadcrumb=Home%2FClearance%2FWomen&color=651,https://n.nordstrommedia.com/id/sr3/bac3ad68-a3a1-4cc1-ab57-14e609417446.jpeg?h=365&w=240&dpr=2,Hangover Pillow Balm Ultra-Hydrating Lip Treatment,22.10,26.00,Nordstrom Rack
https://www.nordstromrack.com/s/naked2-basics-eyeshadow-palette/3882628?origin=category-personalizedsort&breadcrumb=Home%2FClearance%2FWomen&color=200,https://n.nordstrommedia.com/id/sr3/fdf7e61c-9e99-4fd6-b52c-6efd7f2b9e85.jpeg?h=365&w=240&dpr=2,Naked2 Basics Eyeshadow Palette,28.05,33.00,Nordstrom Rack
https://www.nordstromrack.com/s/caslon-solid-linen-blend-shorts-regular-petite/6054618?origin=category-personalizedsort&breadcrumb=Home%2FClearance%2FWomen&color=021,https://n.nordstrommedia.com/id/sr3/835967bc-c7fe-412f-8832-6ab82a0091f4.jpeg?h=365&w=240&dpr=2,Solid Linen Blend Shorts (Regular & Petite),4.99 – 19.97,49.00,Nordstrom Rack
https://www.nordstromrack.com/s/nordstrom-rack-cashmere-gloves/6167318?origin=category-personalizedsort&breadcrumb=Home%2FClearance%2FWomen&color=030,https://n.nordstrommedia.com/id/sr3/863cc314-6d85-4861-a997-cf009b9a2a7f.jpeg?h=365&w=240&dpr=2,Cashmere Gloves,8.99 – 11.99,29.97,Nordstrom Rack
https://www.nordstromrack.com/s/urban-decay-original-eyeshadow-primer-potion/4023513?origin=category-personalizedsort&breadcrumb=Home%2FClearance%2FWomen&color=000,https://n.nordstrommedia.com/id/sr3/01209785-968c-4ce6-9c40-6838337467e1.jpeg?h=365&w=240&dpr=2,Original Eyeshadow Primer Potion,13.60,16.00,Nordstrom Rack
https://www.nordstromrack.com/s/madewell-stone-crystal-ear-crawlers/6864429?origin=category-personalizedsort&breadcrumb=Home%2FClearance%2FWomen&color=698,https://n.nordstrommedia.com/id/sr3/5b672646-debe-4d6e-a1f3-63b7aa8dde5a.jpeg?h=365&w=240&dpr=2,Stone & Crystal Ear Crawlers,5.38,18.00,Nordstrom Rack
https://www.nordstromrack.com/s/better-than-sex-volumizing-mascara/4933876?origin=category-personalizedsort&breadcrumb=Home%2FClearance%2FWomen&color=001,https://n.nordstrommedia.com/id/sr3/08ba4929-1bc7-4ae8-8371-203aea84aab5.jpeg?h=365&w=240&dpr=2,Better Than Sex Volumizing Mascara,23.80,28.00,Nordstrom Rack
https://www.nordstromrack.com/s/abound-isla-faux-fur-lined-sequin-scuff-slipper-women/6636452?origin=category-personalizedsort&breadcrumb=Home%2FClearance%2FWomen&color=001,https://n.nordstrommedia.com/id/sr3/228cc23a-5c28-4ea4-b7fd-aaa63e0d2d7f.jpeg?h=365&w=240&dpr=2,Isla Faux Fur Lined Sequin Scuff Slipper (Women),7.19 – 7.99,15.97,Nordstrom Rack
https://www.nordstromrack.com/s/smashbox-cover-shot-eyeshadow-palette/4552585?origin=category-personalizedsort&breadcrumb=Home%2FClearance%2FWomen&color=250,https://n.nordstrommedia.com/id/sr3/69e7a2fe-8c91-4528-8743-0f6ffee18349.jpeg?h=365&w=240&dpr=2,Cover Shot Eyeshadow Palette,27.20,32.00,Nordstrom Rack
https://www.nordstromrack.com/s/anastasia-beverly-hills-brow-gel/2802699?origin=category-personalizedsort&breadcrumb=Home%2FClearance%2FWomen&color=000,https://n.nordstrommedia.com/id/sr3/21e13b45-db9e-45e7-ae01-1c241e17ae50.jpeg?h=365&w=240&dpr=2,Brow Gel,7.65,9.00,Nordstrom Rack
https://www.nordstromrack.com/s/laura-mercier-illuminating-pure-canvas-face-primer/5482358?origin=category-personalizedsort&breadcrumb=Home%2FClearance%2FWomen&color=000,https://n.nordstrommedia.com/id/sr3/d18d5a74-f2d5-49ec-9eba-67c0eb9df8cf.jpeg?h=365&w=240&dpr=2,Illuminating Pure Canvas Face Primer,17.85,21.00,Nordstrom Rack
https://www.nordstromrack.com/s/bp-bp-womens-oversized-corduroy-shirt-jacket/5880278?origin=category-personalizedsort&breadcrumb=Home%2FClearance%2FWomen&color=022,https://n.nordstrommedia.com/id/sr3/6c555dbc-873e-4bb7-b119-dedfcf27aac2.jpeg?h=365&w=240&dpr=2,Women's Oversized Corduroy Shirt Jacket,19.97,69.00,Nordstrom Rack
https://www.nordstromrack.com/s/first-aid-beauty-kp-bump-eraser-body-scrub/5578861?origin=category-personalizedsort&breadcrumb=Home%2FClearance%2FWomen&color=000,https://n.nordstrommedia.com/id/sr3/fc27ffaf-1691-4a37-b99b-c8c2ff6bdb26.jpeg?h=365&w=240&dpr=2,KP Bump Eraser Body Scrub,10.20 – 25.50,12.00 – 30.00,Nordstrom Rack
https://www.nordstromrack.com/s/philosophy-shampoo-shower-gel-bubble-bath-limited-edition/6487851?origin=category-personalizedsort&breadcrumb=Home%2FClearance%2FWomen&color=960,https://n.nordstrommedia.com/id/sr3/cb9207cb-ab17-4e24-be78-9a4342787b94.jpeg?h=365&w=240&dpr=2,"shampoo, shower gel & bubble bath (Limited Edition)",4.53,20.00,Nordstrom Rack
https://www.nordstromrack.com/s/clinique-moisture-surge-face-spray-thirsty-skin-relief/2841261?origin=category-personalizedsort&breadcrumb=Home%2FClearance%2FWomen&color=000,https://n.nordstrommedia.com/id/sr3/4beb64d7-2559-4d64-893d-ef74f04597ce.jpeg?h=365&w=240&dpr=2,Moisture Surge Face Spray Thirsty Skin Relief,6.80,8.00,Nordstrom Rack
https://www.nordstromrack.com/s/90-degree-by-reflex-carbon-interlink-crossover-ankle-leggings/7179769?origin=category-personalizedsort&breadcrumb=Home%2FClearance%2FWomen&color=616,https://n.nordstrommedia.com/id/sr3/315fb72f-7047-435c-9ee5-2dc797c9f258.jpeg?h=365&w=240&dpr=2,Carbon Interlink Crossover Ankle Leggings,16.48 – 26.97,78.00,Nordstrom Rack
https://www.nordstromrack.com/s/too-faced-lip-injection-maximum-plump-extra-strength-lip-plumper/5805920?origin=category-personalizedsort&breadcrumb=Home%2FClearance%2FWomen&color=000,https://n.nordstrommedia.com/id/sr3/8678f00c-aa18-46ec-a6bd-e80fda6037b8.jpeg?h=365&w=240&dpr=2,Lip Injection Maximum Plump Extra Strength Lip Plumper,15.30 – 28.05,18.00 – 33.00,Nordstrom Rack
https://www.nordstromrack.com/s/sam-edelman-leona-mule-women/6759111?origin=category-personalizedsort&breadcrumb=Home%2FClearance%2FWomen&color=900,https://n.nordstrommedia.com/id/sr3/3aa2e2fe-9a5d-4354-8035-fed23f4a0f0b.jpeg?h=365&w=240&dpr=2,Leona Mule (Women),32.48 – 48.73,130.00,Nordstrom Rack
https://www.nordstromrack.com/s/vince-camuto-lightweight-knit-topper/6876710?origin=category-personalizedsort&breadcrumb=Home%2FClearance%2FWomen&color=001,https://n.nordstrommedia.com/id/sr3/18d7fe62-f241-42c5-8ae3-513724659a69.jpeg?h=365&w=240&dpr=2,Lightweight Knit Topper,14.98 – 19.99,68.00,Nordstrom Rack
https://www.nordstromrack.com/s/urban-decay-all-nighter-long-lasting-makeup-setting-spray/4570927?origin=category-personalizedsort&breadcrumb=Home%2FClearance%2FWomen&color=000,https://n.nordstrommedia.com/id/sr3/ddb94013-bdd6-4063-89e4-de83ab5dcf10.jpeg?h=365&w=240&dpr=2,All Nighter Long-Lasting Makeup Setting Spray,30.60,36.00,Nordstrom Rack
https://www.nordstromrack.com/s/long-sleeve-ribbed-cropped-cardigan/6137672?origin=category-personalizedsort&breadcrumb=Home%2FClearance%2FWomen&color=211,https://n.nordstrommedia.com/id/sr3/bc7f4dcd-7754-4e73-927b-92f1995cba8f.jpeg?h=365&w=240&dpr=2,Long Sleeve Ribbed Cropped Cardigan,19.99,29.97,Nordstrom Rack
https://www.nordstromrack.com/s/cory-leather-phone-crossbody-bag/6807399?origin=category-personalizedsort&breadcrumb=Home%2FClearance%2FWomen&color=210,https://n.nordstrommedia.com/id/sr3/39a38efb-d695-4680-8858-55ffe5167386.jpeg?h=365&w=240&dpr=2,Cory Leather Phone Crossbody Bag,34.98 – 69.97,158.00,Nordstrom Rack
https://www.nordstromrack.com/s/yogalicious-front-twist-long-sleeve-top/6507970?origin=category-personalizedsort&breadcrumb=Home%2FClearance%2FWomen&color=012,https://n.nordstrommedia.com/id/sr3/e0a23ee4-792e-4540-b7db-134abbc9093b.jpeg?h=365&w=240&dpr=2,Front Twist Long Sleeve Top,12.58 – 13.48,48.00,Nordstrom Rack
https://www.nordstromrack.com/s/bp-bp-sophie-criss-cross-plush-bedroom-slipper-women/5361817?origin=category-personalizedsort&breadcrumb=Home%2FClearance%2FWomen&color=001,https://n.nordstrommedia.com/id/sr3/3a4c8b22-9cb4-4de4-8fcb-2e8f93520757.jpeg?h=365&w=240&dpr=2,Sophie Criss Cross Plush Bedroom Slipper (Women),6.74 – 9.73,29.95,Nordstrom Rack
https://www.nordstromrack.com/s/too-faced-melted-matte-liquid-lipstick/4933979?origin=category-personalizedsort&breadcrumb=Home%2FClearance%2FWomen&color=654,https://n.nordstrommedia.com/id/sr3/558a71fd-f64b-401c-978d-691cf5f82274.jpeg?h=365&w=240&dpr=2,Melted Matte Liquid Lipstick,22.10,26.00,Nordstrom Rack
https://www.nordstromrack.com/s/bp-feels-scoop-neck-brami/5856233?origin=category-personalizedsort&breadcrumb=Home%2FClearance%2FWomen&color=050,https://n.nordstrommedia.com/id/sr3/4db2ffaa-2cba-4dca-8eed-d3093b91cdc7.jpeg?h=365&w=240&dpr=2,Feels Scoop Neck Brami,9.75,15.00,Nordstrom Rack
https://www.nordstromrack.com/s/james-perse-deep-v-neck-t-shirt/6046928?origin=category-personalizedsort&breadcrumb=Home%2FClearance%2FWomen&color=210,https://n.nordstrommedia.com/id/sr3/cce9de48-1700-4341-8f4b-2156383eae01.jpeg?h=365&w=240&dpr=2,Deep V-Neck T-Shirt,27.99 – 39.99,100.00,Nordstrom Rack
https://www.nordstromrack.com/s/furla-classic-business-card-case/6552326?origin=category-personalizedsort&breadcrumb=Home%2FClearance%2FWomen&color=004,https://n.nordstrommedia.com/id/sr3/c8b81e92-ef99-4e34-93db-d496e18844ce.jpeg?h=365&w=240&dpr=2,Classic Business Card Case,19.98 – 23.98,78.00,Nordstrom Rack
https://www.nordstromrack.com/s/felina-stripe-delight-hipster-panties/6248408?origin=category-personalizedsort&breadcrumb=Home%2FClearance%2FWomen&color=200,https://n.nordstrommedia.com/id/sr3/5943eae7-3b1e-4af3-a5b9-a35ca8ea61fc.jpeg?h=365&w=240&dpr=2,Stripe Delight Hipster Panties,4.00 – 9.99,18.00,Nordstrom Rack
https://www.nordstromrack.com/s/bp-bp-pointelle-rib-crop-henley/5729583?origin=category-personalizedsort&breadcrumb=Home%2FClearance%2FWomen&color=050,https://n.nordstrommedia.com/id/sr3/cbca247f-599d-4db8-8c2c-ec6c73168489.jpeg?h=365&w=240&dpr=2,Pointelle Rib Crop Henley,5.97 – 6.00,12.00,Nordstrom Rack
https://www.nordstromrack.com/s/adrienne-vittadini-nocerna-t-strap-pointed-toe-pump/5984754?origin=category-personalizedsort&breadcrumb=Home%2FClearance%2FWomen&color=600,https://n.nordstrommedia.com/id/sr3/ba8ea470-e500-402f-a62e-f2e978061393.jpeg?h=365&w=240&dpr=2,Nocerna T-Strap Pointed Toe Pump,29.25 – 64.99,99.00,Nordstrom Rack
https://www.nordstromrack.com/s/abound-seamless-strappy-longline-bralette/6045550?origin=category-personalizedsort&breadcrumb=Home%2FClearance%2FWomen&color=100,https://n.nordstrommedia.com/id/sr3/f9add392-36b5-4dbe-aa6f-046bc6887fdb.jpeg?h=365&w=240&dpr=2,Seamless Strappy Longline Bralette,7.78 – 8.43,12.97,Nordstrom Rack
https://www.nordstromrack.com/s/twin-skull-chain-strap-crossbody-bag/6133065?origin=category-personalizedsort&breadcrumb=Home%2FClearance%2FWomen&color=001,https://n.nordstrommedia.com/id/sr3/762259fc-6c80-4f33-a85e-644627fee430.jpeg?h=365&w=240&dpr=2,Twin Skull Chain Strap Crossbody Bag,499.99,95.00,Nordstrom Rack
https://www.nordstromrack.com/s/definicils-defining-lengthening-mascara/2786551?origin=category-personalizedsort&breadcrumb=Home%2FClearance%2FWomen&color=001,https://n.nordstrommedia.com/id/sr3/54b327cb-6295-40cb-83f7-3724dc01adcb.jpeg?h=365&w=240&dpr=2,Définicils Defining & Lengthening Mascara,28.05,33.00,Nordstrom Rack
https://www.nordstromrack.com/s/melrose-and-market-zip-front-poncho/6942933?origin=category-personalizedsort&breadcrumb=Home%2FClearance%2FWomen&color=001,https://n.nordstrommedia.com/id/sr3/18a36a58-bb8d-47ae-a1be-80590188f2a9.jpeg?h=365&w=240&dpr=2,Zip Front Poncho,13.19 – 16.48,32.97,Nordstrom Rack
https://www.nordstromrack.com/s/adornia-water-resistant-14k-yellow-gold-paperclip-curb-snake-chain-necklace-set/6767053?origin=category-personalizedsort&breadcrumb=Home%2FClearance%2FWomen&color=710,https://n.nordstrommedia.com/id/sr3/bc9dc4b8-33c0-4d4d-9f6c-8f4b17260534.jpeg?h=365&w=240&dpr=2,"Water Resistant 14K Yellow Gold Paperclip, Curb, & Snake Chain Necklace Set",19.98,95.00,Nordstrom Rack
https://www.nordstromrack.com/s/adornia-mother-of-pearl-flower-station-bracelet/5994488?origin=category-personalizedsort&breadcrumb=Home%2FClearance%2FWomen&color=100,https://n.nordstrommedia.com/id/sr3/2618d712-05f9-4b13-b28f-05e1f591c9e0.jpeg?h=365&w=240&dpr=2,Mother of Pearl Flower Station Bracelet,19.98,145.00,Nordstrom Rack
https://www.nordstromrack.com/s/nordstrom-cubic-zirconia-initial-pendant-necklace/6125083?origin=category-personalizedsort&breadcrumb=Home%2FClearance%2FWomen&color=712,https://n.nordstrommedia.com/id/sr3/05dd7b73-8a33-4de9-a0d0-2fc440fef367.jpeg?h=365&w=240&dpr=2,Cubic Zirconia Initial Pendant Necklace,10.49 – 17.98,49.00,Nordstrom Rack
https://www.nordstromrack.com/s/philosophy-shampoo-shower-gel-bubble-bath-limited-edition/6530510?origin=category-personalizedsort&breadcrumb=Home%2FClearance%2FWomen&color=962,https://n.nordstrommedia.com/id/sr3/024661b3-2bb9-479e-b6a6-0403833cbba4.jpeg?h=365&w=240&dpr=2,"shampoo, shower gel & bubble bath (Limited Edition)",4.53,20.00,Nordstrom Rack
https://www.nordstromrack.com/s/adornia-sterling-silver-swarovski-crystal-accented-v-necklace/5985505?origin=category-personalizedsort&breadcrumb=Home%2FClearance%2FWomen&color=220,https://n.nordstrommedia.com/id/sr3/ac70b992-21f4-4df8-924b-67fc095b71c4.jpeg?h=365&w=240&dpr=2,Sterling Silver Swarovski Crystal Accented V Necklace,19.98,205.00,Nordstrom Rack
https://www.nordstromrack.com/s/baublebar-eternity-band-ring/5925438?origin=category-personalizedsort&breadcrumb=Home%2FClearance%2FWomen&color=661,https://n.nordstrommedia.com/id/sr3/b5b28b24-03cd-46da-a8b2-67aabde3ffa1.jpeg?h=365&w=240&dpr=2,Eternity Band Ring,12.63 – 16.08,48.00,Nordstrom Rack
https://www.nordstromrack.com/s/advanced-night-repair-synchronized-multi-recovery-complex-face-serum/5700327?origin=category-personalizedsort&breadcrumb=Home%2FClearance%2FWomen&color=000,https://n.nordstrommedia.com/id/sr3/1de4dab7-a398-422c-8784-0312342e026b.jpeg?h=365&w=240&dpr=2,Advanced Night Repair Synchronized Multi-Recovery Complex Face Serum,16.15,19.00,Nordstrom Rack
https://www.nordstromrack.com/s/the-sak-de-young-leather-camera-crossbody-bag/6702589?origin=category-personalizedsort&breadcrumb=Home%2FClearance%2FWomen&color=069,https://n.nordstrommedia.com/id/sr3/3eeb9462-1a09-4600-a84f-82247b9c0e83.jpeg?h=365&w=240&dpr=2,De Young Leather Camera Crossbody Bag,34.99 – 44.99,129.00,Nordstrom Rack
https://www.nordstromrack.com/s/yogalicious-front-twist-long-sleeve-top/6507970?origin=category-personalizedsort&breadcrumb=Home%2FClearance%2FWomen&color=012,https://n.nordstrommedia.com/id/sr3/e0a23ee4-792e-4540-b7db-134abbc9093b.jpeg?h=365&w=240&dpr=2,Front Twist Long Sleeve Top,12.58 – 13.48,48.00,Nordstrom Rack
https://www.nordstromrack.com/s/sarto-dune-pointed-toe-mule-women/7117520?origin=category-personalizedsort&breadcrumb=Home%2FClearance%2FWomen&color=400,https://n.nordstrommedia.com/id/sr3/f4232320-5d77-47ed-bedb-d0e362bf83f5.jpeg?h=365&w=240&dpr=2,Dune Pointed Toe Mule (Women),59.97,59.97 – 130.00,Nordstrom Rack
https://www.nordstromrack.com/s/bp-bp-pointelle-rib-crop-henley/5729583?origin=category-personalizedsort&breadcrumb=Home%2FClearance%2FWomen&color=050,https://n.nordstrommedia.com/id/sr3/cbca247f-599d-4db8-8c2c-ec6c73168489.jpeg?h=365&w=240&dpr=2,Pointelle Rib Crop Henley,5.97 – 6.00,12.00,Nordstrom Rack
https://www.nordstromrack.com/s/5812608?origin=category-personalizedsort&breadcrumb=Home%2FClearance%2FWomen&color=721,https://n.nordstrommedia.com/id/sr3/cb491312-815f-4035-9124-07604446ff3e.jpeg?h=365&w=240&dpr=2,Birth Flower Bracelet,24.97,38.00,Nordstrom Rack
https://www.nordstromrack.com/s/honeydew-dream-team-pj-tank-shorts-set/7063379?origin=category-personalizedsort&breadcrumb=Home%2FClearance%2FWomen&color=931,https://n.nordstrommedia.com/id/sr3/092dbd65-2d19-4134-a912-35cf5180aa49.jpeg?h=365&w=240&dpr=2,Dream Team PJ Tank & Shorts Set,8.80 – 21.99,12.00,Nordstrom Rack
https://www.nordstromrack.com/s/kiehls-since-1851-lip-balm-1/2922436?origin=category-personalizedsort&breadcrumb=Home%2FClearance%2FWomen&color=000,https://n.nordstrommedia.com/id/sr3/75255f66-668f-408a-b086-b835bc24c830.jpeg?h=365&w=240&dpr=2,Lip Balm #1,10.20,26.00,Nordstrom Rack
https://www.nordstromrack.com/s/too-faced-melted-matte-liquid-lipstick/4933979?origin=category-personalizedsort&breadcrumb=Home%2FClearance%2FWomen&color=654,https://n.nordstrommedia.com/id/sr3/558a71fd-f64b-401c-978d-691cf5f82274.jpeg?h=365&w=240&dpr=2,Melted Matte Liquid Lipstick,22.10,140.00,Nordstrom Rack
https://www.nordstromrack.com/s/6020738?origin=category-personalizedsort&breadcrumb=Home%2FClearance%2FWomen&color=040,https://n.nordstrommedia.com/id/sr3/dbdf87ac-fcd5-4eb1-b280-8213eca4d694.jpeg?h=365&w=240&dpr=2,Sterling Silver Initial Necklace,29.97,68.00,Nordstrom Rack
https://www.nordstromrack.com/s/steve-madden-bangie-wallet-on-a-string/6843931?origin=category-personalizedsort&breadcrumb=Home%2FClearance%2FWomen&color=326,https://n.nordstrommedia.com/id/sr3/333d1775-5d6d-4550-8257-d46e6c6404c1.jpeg?h=365&w=240&dpr=2,Bangie Wallet On A String,16.78 – 27.97,36.00,Nordstrom Rack
https://www.nordstromrack.com/s/urban-decay-all-nighter-long-lasting-makeup-setting-spray/4570927?origin=category-personalizedsort&breadcrumb=Home%2FClearance%2FWomen&color=000,https://n.nordstrommedia.com/id/sr3/ddb94013-bdd6-4063-89e4-de83ab5dcf10.jpeg?h=365&w=240&dpr=2,All Nighter Long-Lasting Makeup Setting Spray,30.60,22.00,Nordstrom Rack
https://www.nordstromrack.com/s/stila-stay-all-day-waterproof-micro-tip-liquid-eyeliner/4965534?origin=category-personalizedsort&breadcrumb=Home%2FClearance%2FWomen&color=001,https://n.nordstrommedia.com/id/sr3/e65ef0a4-5293-4217-bf3d-7e2749e70610.jpeg?h=365&w=240&dpr=2,Stay All Day® Waterproof Micro Tip Liquid Eyeliner,18.70 – 22.00,99.00,Nordstrom Rack
https://www.nordstromrack.com/s/adrienne-vittadini-nocerna-t-strap-pointed-toe-pump/5984754?origin=category-personalizedsort&breadcrumb=Home%2FClearance%2FWomen&color=600,https://n.nordstrommedia.com/id/sr3/ba8ea470-e500-402f-a62e-f2e978061393.jpeg?h=365&w=240&dpr=2,Nocerna T-Strap Pointed Toe Pump,29.25 – 64.99,205.00,Nordstrom Rack
https://www.nordstromrack.com/s/adornia-sterling-silver-swarovski-crystal-accented-v-necklace/5985505?origin=category-personalizedsort&breadcrumb=Home%2FClearance%2FWomen&color=220,https://n.nordstrommedia.com/id/sr3/ac70b992-21f4-4df8-924b-67fc095b71c4.jpeg?h=365&w=240&dpr=2,Sterling Silver Swarovski Crystal Accented V Necklace,19.98,145.00,Nordstrom Rack
https://www.nordstromrack.com/s/adornia-mother-of-pearl-flower-station-bracelet/5994488?origin=category-personalizedsort&breadcrumb=Home%2FClearance%2FWomen&color=100,https://n.nordstrommedia.com/id/sr3/2618d712-05f9-4b13-b28f-05e1f591c9e0.jpeg?h=365&w=240&dpr=2,Mother of Pearl Flower Station Bracelet,19.98,49.00,Nordstrom Rack
https://www.nordstromrack.com/s/nordstrom-cubic-zirconia-initial-pendant-necklace/6125083?origin=category-personalizedsort&breadcrumb=Home%2FClearance%2FWomen&color=712,https://n.nordstrommedia.com/id/sr3/05dd7b73-8a33-4de9-a0d0-2fc440fef367.jpeg?h=365&w=240&dpr=2,Cubic Zirconia Initial Pendant Necklace,10.49 – 17.98,32.97,Nordstrom Rack
https://www.nordstromrack.com/s/melrose-and-market-zip-front-poncho/6942933?origin=category-personalizedsort&breadcrumb=Home%2FClearance%2FWomen&color=001,https://n.nordstrommedia.com/id/sr3/18a36a58-bb8d-47ae-a1be-80590188f2a9.jpeg?h=365&w=240&dpr=2,Zip Front Poncho,13.19 – 16.48,23.00,Nordstrom Rack
https://www.nordstromrack.com/s/mac-technakohl-liner/2908902?origin=category-personalizedsort&breadcrumb=Home%2FClearance%2FWomen&color=001,https://n.nordstrommedia.com/id/sr3/b6fd0320-de1f-4a30-bc3a-34ae29458925.jpeg?h=365&w=240&dpr=2,Technakohl Liner,19.55,14.99,Nordstrom Rack
https://www.nordstromrack.com/s/stance-basic-no-show-socks-pack-of-3/6040199?origin=category-personalizedsort&breadcrumb=Home%2FClearance%2FWomen&color=500,https://n.nordstrommedia.com/id/sr3/45ea0b02-43e2-47fb-99c8-450cb60f4408.jpeg?h=365&w=240&dpr=2,Basic No-Show Socks - Pack of 3,6.00 – 14.99,118.00,Nordstrom Rack
https://www.nordstromrack.com/s/hobo-darcy-convertible-leather-crossbody-bag/6529321?origin=category-personalizedsort&breadcrumb=Home%2FClearance%2FWomen&color=717,https://n.nordstrommedia.com/id/sr3/b6c986a9-a53c-45a9-be5e-1d15224b367d.jpeg?h=365&w=240&dpr=2,Darcy Convertible Leather Crossbody Bag,33.98,34.00,Nordstrom Rack
https://www.nordstromrack.com/s/dkny-superior-lace-racerback-bralette/5861392?origin=category-personalizedsort&breadcrumb=Home%2FClearance%2FWomen&color=516,https://n.nordstrommedia.com/id/sr3/dad0c381-3096-4c0e-b924-bea4d9e656ec.jpeg?h=365&w=240&dpr=2,Superior Lace Racerback Bralette,11.03,29.00,Nordstrom Rack
https://www.nordstromrack.com/s/bp-reagan-rib-crop-sweater/5965677?origin=category-personalizedsort&breadcrumb=Home%2FClearance%2FWomen&color=900,https://n.nordstrommedia.com/id/sr3/a4f7338c-4df7-4af0-bb28-cdf87fc0d16b.jpeg?h=365&w=240&dpr=2,Reagan Rib Crop Sweater,10.97,95.00,Nordstrom Rack
https://www.nordstromrack.com/s/adornia-water-resistant-14k-yellow-gold-paperclip-curb-snake-chain-necklace-set/6767053?origin=category-personalizedsort&breadcrumb=Home%2FClearance%2FWomen&color=710,https://n.nordstrommedia.com/id/sr3/bc9dc4b8-33c0-4d4d-9f6c-8f4b17260534.jpeg?h=365&w=240&dpr=2,"Water Resistant 14K Yellow Gold Paperclip, Curb, & Snake Chain Necklace Set",19.98,19.00 – $21.00,Nordstrom Rack
https://www.nordstromrack.com/s/mac-mac-eyeshadow/3022810?origin=category-personalizedsort&breadcrumb=Home%2FClearance%2FWomen&color=652,https://n.nordstrommedia.com/id/sr3/122d5427-243b-4e17-b91b-568f5d766300.jpeg?h=365&w=240&dpr=2,MAC Eyeshadow,11.97 – 19.00,28.97,Nordstrom Rack
https://www.nordstromrack.com/s/z-by-zella-high-waist-7-8-daily-pocket-leggings/6042943?origin=category-personalizedsort&breadcrumb=Home%2FClearance%2FWomen&color=507,https://n.nordstrommedia.com/id/sr3/442a3aae-04b9-414b-871a-1293bec016dc.jpeg?h=365&w=240&dpr=2,High Waist 7/8 Daily Pocket Leggings,23.17 – 28.97,15.00,Nordstrom Rack
https://www.nordstromrack.com/s/patchology-flashpatch-rejuvenating-5-minute-eye-gels/4363892?origin=category-personalizedsort&breadcrumb=Home%2FClearance%2FWomen&color=000,https://n.nordstrommedia.com/id/sr3/3941dd6e-409b-4fff-9939-3b50e2f55e8a.jpeg?h=365&w=240&dpr=2,FlashPatch™ Rejuvenating 5-Minute Eye Gels,12.75,59.00,Nordstrom Rack
https://www.nordstromrack.com/s/caslon-scoop-neck-tiered-maxi-dress-plus-size/5775236?origin=category-personalizedsort&breadcrumb=Home%2FClearance%2FWomen&color=001,https://n.nordstrommedia.com/id/sr3/35644d90-8e22-4eb1-8b31-2dc309295772.jpeg?h=365&w=240&dpr=2,Scoop Neck Tiered Maxi Dress (Plus Size),24.99 – 39.97,9.97,Nordstrom Rack
https://www.nordstromrack.com/s/nordstrom-rack-everyday-solid-cami/6042644?origin=category-personalizedsort&breadcrumb=Home%2FClearance%2FWomen&color=511,https://n.nordstrommedia.com/id/sr3/623c7a48-9fe8-4e68-8696-172dc2f1da73.jpeg?h=365&w=240&dpr=2,Everyday Solid Cami,6.48 – 9.97,69.00,Nordstrom Rack
https://www.nordstromrack.com/s/caslon-plaid-long-sleeve-cotton-shirt/6614520?origin=category-personalizedsort&breadcrumb=Home%2FClearance%2FWomen&color=900,https://n.nordstrommedia.com/id/sr3/4a9bfe77-fea5-4ed3-bda8-0e259228e78b.jpeg?h=365&w=240&dpr=2,Plaid Long Sleeve Cotton Shirt,15.97,12.97,Nordstrom Rack
https://www.nordstromrack.com/s/abound-seamless-strappy-longline-bralette/6045550?origin=category-personalizedsort&breadcrumb=Home%2FClearance%2FWomen&color=100,https://n.nordstrommedia.com/id/sr3/f9add392-36b5-4dbe-aa6f-046bc6887fdb.jpeg?h=365&w=240&dpr=2,Seamless Strappy Longline Bralette,7.78 – 8.43,69.50,Nordstrom Rack
https://www.nordstromrack.com/s/madewell-ashbury-mock-neck-sweater/5772925?origin=category-personalizedsort&breadcrumb=Home%2FClearance%2FWomen&color=200,https://n.nordstrommedia.com/id/sr3/2ed106aa-9189-4c11-a275-4dc57a033956.jpeg?h=365&w=240&dpr=2,Ashbury Mock Neck Sweater,17.00,17.00,Nordstrom Rack
https://www.nordstromrack.com/s/too-faced-damn-girl-24-hour-mascara/5310151?origin=category-personalizedsort&breadcrumb=Home%2FClearance%2FWomen&color=001,https://n.nordstrommedia.com/id/sr3/695ea22a-0425-43d1-8a57-9bed98c1924a.jpeg?h=365&w=240&dpr=2,Damn Girl! 24-Hour Mascara,14.45,48.00,Nordstrom Rack
https://www.nordstromrack.com/s/tahari-ribbed-bra-panties-set/7305893?origin=category-personalizedsort&breadcrumb=Home%2FClearance%2FWomen&color=300,https://n.nordstrommedia.com/id/sr3/f547323d-3885-46fc-959e-bdc9bb21cce9.jpeg?h=365&w=240&dpr=2,Ribbed Bra & Panties Set,7.99,68.00,Nordstrom Rack
https://www.nordstromrack.com/s/sweaty-betty-after-class-cotton-blend-crop-sweatshirt/6578314?origin=category-personalizedsort&breadcrumb=Home%2FClearance%2FWomen&color=662,https://n.nordstrommedia.com/id/sr3/9af22c0b-bacc-4f55-b458-9453472e58e0.jpeg?h=365&w=240&dpr=2,After Class Cotton Blend Crop Sweatshirt,27.98 – 39.97,39.00,Nordstrom Rack
https://www.nordstromrack.com/s/bp-rib-long-sleeve-polo-sweater/6576318?origin=category-personalizedsort&breadcrumb=Home%2FClearance%2FWomen&color=270,https://n.nordstrommedia.com/id/sr3/9c450c00-f28d-467f-a524-e3f875e6ec3b.jpeg?h=365&w=240&dpr=2,Rib Long Sleeve Polo Sweater,15.97,33.00,Nordstrom Rack
https://www.nordstromrack.com/s/definicils-defining-lengthening-mascara/2786551?origin=category-personalizedsort&breadcrumb=Home%2FClearance%2FWomen&color=001,https://n.nordstrommedia.com/id/sr3/54b327cb-6295-40cb-83f7-3724dc01adcb.jpeg?h=365&w=240&dpr=2,Définicils Defining & Lengthening Mascara,28.05,229.00,Nordstrom Rack
https://www.nordstromrack.com/s/aquasonic-duo-dual-ultrasonic-toothbrushes-with-10-dupont-brush-heads-2-travel-cases/6005857?origin=category-personalizedsort&breadcrumb=Home%2FClearance%2FWomen&color=250,https://n.nordstrommedia.com/id/sr3/31b95fd3-3dd5-4207-975d-f26f3002424f.jpeg?h=365&w=240&dpr=2,DUO Dual Ultrasonic Toothbrushes with 10 DuPont Brush Heads & 2 Travel Cases,42.49,139.99,Nordstrom Rack
https://www.nordstromrack.com/s/aquasonic-black-series-ultra-sonic-whitening-toothbrush-with-8-dupont-brush-heads-travel-case/5994015?origin=category-personalizedsort&breadcrumb=Home%2FClearance%2FWomen&color=250,https://n.nordstrommedia.com/id/sr3/62a37022-35c2-456b-a9e3-cba5714b61ff.jpeg?h=365&w=240&dpr=2,Black Series Ultra Sonic Whitening ToothBrush with 8 DuPont Brush Heads & Travel Case,33.95,42.00,Nordstrom Rack
https://www.nordstromrack.com/s/lace-underwire-bra/7279941?origin=category-personalizedsort&breadcrumb=Home%2FClearance%2FWomen&color=712,https://n.nordstrommedia.com/id/sr3/69d2ed5e-4fc2-4bb9-8d84-deeff80d5300.jpeg?h=365&w=240&dpr=2,Lace Underwire Bra,5.99 – 14.97,88.00,Nordstrom Rack
https://www.nordstromrack.com/s/btrue-quilted-crossbody-bag/7243830?origin=category-personalizedsort&breadcrumb=Home%2FClearance%2FWomen&color=517,https://n.nordstrommedia.com/id/sr3/ee5092c9-cfc6-471c-acb1-e9da8676a189.jpeg?h=365&w=240&dpr=2,BTrue Quilted Crossbody Bag,24.99,78.00,Nordstrom Rack
https://www.nordstromrack.com/s/90-degree-by-reflex-interlink-high-waist-cross-active-leggings/7072059?origin=category-personalizedsort&breadcrumb=Home%2FClearance%2FWomen&color=212,https://n.nordstrommedia.com/id/sr3/225f0e56-f239-4c39-bcb0-342e254049c1.jpeg?h=365&w=240&dpr=2,Interlink High Waist Cross Active Leggings,17.24,85.00,Nordstrom Rack
https://www.nordstromrack.com/s/james-perse-crewneck-tee/6043152?origin=category-personalizedsort&breadcrumb=Home%2FClearance%2FWomen&color=052,https://n.nordstrommedia.com/id/sr3/78b24981-8261-4ee5-893a-d9df8443f79d.jpeg?h=365&w=240&dpr=2,Crewneck Tee,24.99 – 39.99,69.95,Nordstrom Rack
https://www.nordstromrack.com/s/bp-niya-lug-sole-chelsea-boot-women/5924086?origin=category-personalizedsort&breadcrumb=Home%2FClearance%2FWomen&color=001,https://n.nordstrommedia.com/id/sr3/0d0c0892-26ed-439b-b4c8-3acb440e4940.jpeg?h=365&w=240&dpr=2,Niya Lug Sole Chelsea Boot (Women),27.97,34.97,Nordstrom Rack
https://www.nordstromrack.com/s/melrose-and-market-ribbed-henley-dress/6963469?origin=category-personalizedsort&breadcrumb=Home%2FClearance%2FWomen&color=310,https://n.nordstrommedia.com/id/sr3/130361d8-09ab-40df-9672-2e499d229b8f.jpeg?h=365&w=240&dpr=2,Ribbed Henley Dress,24.99 – 34.97,140.00,Nordstrom Rack
https://www.nordstromrack.com/s/sam-edelman-kia-ankle-strap-sandal-women/5865349?origin=category-personalizedsort&breadcrumb=Home%2FClearance%2FWomen&color=203,https://n.nordstrommedia.com/id/sr3/582284b2-807f-464b-a890-e3bf6d1fa4f7.jpeg?h=365&w=240&dpr=2,Kia Ankle Strap Sandal (Women),55.97 – 59.97,90.00,Nordstrom Rack
https://www.nordstromrack.com/s/phenix-cashmere-knit-gloves/6174861?origin=category-personalizedsort&breadcrumb=Home%2FClearance%2FWomen&color=020,https://n.nordstrommedia.com/id/sr3/061d699e-1cbb-4346-ad61-b6151e2dc947.jpeg?h=365&w=240&dpr=2,Cashmere Knit Gloves,8.99 – 11.99,128.00,Nordstrom Rack
https://www.nordstromrack.com/s/blanknyc-reversible-quilted-jacket/6758195?origin=category-personalizedsort&breadcrumb=Home%2FClearance%2FWomen&color=106,https://n.nordstrommedia.com/id/sr3/10ef0275-ca66-4be5-845d-1d74c73611f9.jpeg?h=365&w=240&dpr=2,Reversible Quilted Jacket,39.97,58.00,Nordstrom Rack
https://www.nordstromrack.com/s/tc-fine-shapewear-cooling-high-waist-shaping-briefs/6950337?origin=category-personalizedsort&breadcrumb=Home%2FClearance%2FWomen&color=264,https://n.nordstrommedia.com/id/sr3/f37be4a3-efca-4b68-91f0-f027ddcf1fb7.jpeg?h=365&w=240&dpr=2,Cooling High Waist Shaping Briefs,22.97,128.00,Nordstrom Rack
https://www.nordstromrack.com/s/hobo-sable-leather-clutch/5534355?origin=category-personalizedsort&breadcrumb=Home%2FClearance%2FWomen&color=549,https://n.nordstrommedia.com/id/sr3/a40ccb49-f03f-4df0-b148-ab92a887d8ab.jpeg?h=365&w=240&dpr=2,Sable Leather Clutch,43.18,48.00,Nordstrom Rack
https://www.nordstromrack.com/s/baublebar-eternity-band-ring/5925438?origin=category-personalizedsort&breadcrumb=Home%2FClearance%2FWomen&color=661,https://n.nordstrommedia.com/id/sr3/b5b28b24-03cd-46da-a8b2-67aabde3ffa1.jpeg?h=365&w=240&dpr=2,Eternity Band Ring,12.63 – 16.08,170.00,Nordstrom Rack
https://www.nordstromrack.com/s/adornia-white-rhodium-plated-swarovski-crystal-accented-7mm-freshwater-pearl-drop-earrings/5985375?origin=category-personalizedsort&breadcrumb=Home%2FClearance%2FWomen&color=100,https://n.nordstrommedia.com/id/sr3/3665bde0-fdaf-4dc9-ab20-fcfe91e490cd.jpeg?h=365&w=240&dpr=2,White Rhodium Plated Swarovski Crystal Accented & 7mm Freshwater Pearl Drop Earrings,19.98,80.00,Nordstrom Rack
https://www.nordstromrack.com/s/sam-edelman-rhys-woven-satin-mule-women/7260351?origin=category-personalizedsort&breadcrumb=Home%2FClearance%2FWomen&color=400,https://n.nordstrommedia.com/id/sr3/94862f9f-e424-4972-a1dd-ec44c87d12b2.jpeg?h=365&w=240&dpr=2,Rhys Woven Satin Mule (Women),13.99 – 19.99,68.00,Nordstrom Rack
https://www.nordstromrack.com/s/natori-feathers-t-back-bra/5233432?origin=category-personalizedsort&breadcrumb=Home%2FClearance%2FWomen&color=656,https://n.nordstrommedia.com/id/sr3/0000575f-153b-4616-898a-375d4fe72f3d.jpeg?h=365&w=240&dpr=2,Feathers T-Back Bra,17.98 – 29.97,25.00,Nordstrom Rack
https://www.nordstromrack.com/s/too-faced-superfine-brow-detailer-pencil/6406146?origin=category-personalizedsort&breadcrumb=Home%2FClearance%2FWomen&color=250,https://n.nordstrommedia.com/id/sr3/88a655dd-28a3-4eb6-b638-61450a759156.jpeg?h=365&w=240&dpr=2,Superfine Brow Detailer Pencil,21.25,118.00,Nordstrom Rack
https://www.nordstromrack.com/s/vince-camuto-corla-metallic-leather-crossbody-bag/7112704?origin=category-personalizedsort&breadcrumb=Home%2FClearance%2FWomen&color=640,https://n.nordstrommedia.com/id/sr3/409b2cac-c62e-42b3-a886-f4c25c86d0ca.jpeg?h=365&w=240&dpr=2,Corla Metallic Leather Crossbody Bag,40.28,198.00,Nordstrom Rack
https://www.nordstromrack.com/s/rebecca-minkoff-pippa-studded-small-crossbody-bag/6476776?origin=category-personalizedsort&breadcrumb=Home%2FClearance%2FWomen&color=903,https://n.nordstrommedia.com/id/sr3/a894aa49-5722-49b7-878a-d11979901e37.jpeg?h=365&w=240&dpr=2,Pippa Studded Small Crossbody Bag,69.98,22.00,Nordstrom Rack
https://www.nordstromrack.com/s/mac-matte-lipstick/7169394?origin=category-personalizedsort&breadcrumb=Home%2FClearance%2FWomen&color=610,https://n.nordstrommedia.com/id/sr3/d3bfcbed-46d1-418a-b85d-5be1d63243e0.jpeg?h=365&w=240&dpr=2,Matte Lipstick,18.70,125.00,Nordstrom Rack
https://www.nordstromrack.com/s/adornia-14k-gold-plated-stainless-steel-dome-ring/5986529?origin=category-personalizedsort&breadcrumb=Home%2FClearance%2FWomen&color=700,https://n.nordstrommedia.com/id/sr3/155b2723-c958-493c-8a5c-abc803b2e34e.jpeg?h=365&w=240&dpr=2,14K Gold Plated Stainless Steel Dome Ring,19.98,22.00,Nordstrom Rack
https://www.nordstromrack.com/s/prep-prime-lip-primer/2864446?origin=category-personalizedsort&breadcrumb=Home%2FClearance%2FWomen&color=000,https://n.nordstrommedia.com/id/sr3/f86c0967-025a-4aa7-bf33-dd2ac9425984.jpeg?h=365&w=240&dpr=2,Prep + Prime Lip Primer,18.70,21.00,Nordstrom Rack
https://www.nordstromrack.com/s/clinique-chubby-stick-moisturizing-lip-color-balm/3148108?origin=category-personalizedsort&breadcrumb=Home%2FClearance%2FWomen&color=250,https://n.nordstrommedia.com/id/sr3/c947e538-0f8c-483e-9848-2b39c0d2951f.jpeg?h=365&w=240&dpr=2,Chubby Stick Moisturizing Lip Color Balm,17.85,52.00,Nordstrom Rack
https://www.nordstromrack.com/s/bcbgeneration-wave-after-wave-cheeky-briefs-pack-of-5/7306221?origin=category-personalizedsort&breadcrumb=Home%2FClearance%2FWomen&color=650,https://n.nordstrommedia.com/id/sr3/ba64f8b8-27cd-4db8-b34d-65ef6b619c95.jpeg?h=365&w=240&dpr=2,Wave After Wave Cheeky Briefs - Pack of 5,8.98,50.00,Nordstrom Rack
https://www.nordstromrack.com/s/circus-by-sam-edelman-hollin-quilted-puffer-slipper-women/6568100?origin=category-personalizedsort&breadcrumb=Home%2FClearance%2FWomen&color=002,https://n.nordstrommedia.com/id/sr3/ea8c7f79-48ca-4379-956a-97acb4833638.jpeg?h=365&w=240&dpr=2,Circus by Sam Edelman Hollin Quilted Puffer Slipper (Women),9.99,23.00,Nordstrom Rack
https://www.nordstromrack.com/s/clinique-quickliner-for-eyes-intense-eyeliner/6766777?origin=category-personalizedsort&breadcrumb=Home%2FClearance%2FWomen&color=200,https://n.nordstrommedia.com/id/sr3/a786900f-6091-4815-9540-4ba9b2852a74.jpeg?h=365&w=240&dpr=2,Quickliner for Eyes Intense Eyeliner,19.55,15.00,Nordstrom Rack
https://www.nordstromrack.com/s/kiehls-since-1851-ultra-facial-cleanser/2971578?origin=category-personalizedsort&breadcrumb=Home%2FClearance%2FWomen&color=000,https://n.nordstrommedia.com/id/sr3/deb623de-2aa8-4381-b4ca-b517d6dd6c32.jpeg?h=365&w=240&dpr=2,Ultra Facial Cleanser,12.75,15.97,Nordstrom Rack
https://www.nordstromrack.com/s/nordstrom-rack-gift-box-sterling-silver-plated-round-halo-cz-stud-earrings/6136070?origin=category-personalizedsort&breadcrumb=Home%2FClearance%2FWomen&color=040,https://n.nordstrommedia.com/id/sr3/23782be3-e043-45b6-948e-2988e70b15ff.jpeg?h=365&w=240&dpr=2,Gift Box Sterling Silver Plated Round Halo CZ Stud Earrings,8.78,42.00,Nordstrom Rack
https://www.nordstromrack.com/s/lacy-peek-a-boo-demi-bra/7279921?origin=category-personalizedsort&breadcrumb=Home%2FClearance%2FWomen&color=500,https://n.nordstrommedia.com/id/sr3/ec42ff9a-e184-408b-8beb-257b862caafa.jpeg?h=365&w=240&dpr=2,Lacy Peek-a-Boo Demi Bra,6.74,33.00,Nordstrom Rack
https://www.nordstromrack.com/s/calvin-klein-ribbed-thong-pack-of-3/6169626?origin=category-personalizedsort&breadcrumb=Home%2FClearance%2FWomen&color=030,https://n.nordstrommedia.com/id/sr3/207f43b8-46aa-4e83-8e51-be261e94a995.jpeg?h=365&w=240&dpr=2,Ribbed Thong - Pack of 3,7.19 – 19.99,98.00,Nordstrom Rack
https://www.nordstromrack.com/s/aimee-kestenberg-zip-around-wristlet/6500731?origin=category-personalizedsort&breadcrumb=Home%2FClearance%2FWomen&color=443,https://n.nordstrommedia.com/id/sr3/a738f234-6cd6-4f1f-ac05-d3675e8fa023.jpeg?h=365&w=240&dpr=2,Zip Around Wristlet,12.49 – 29.23,89.00,Nordstrom Rack
https://www.nordstromrack.com/s/jessica-simpson-sanaa-slide-sandal-women/7055515?origin=category-personalizedsort&breadcrumb=Home%2FClearance%2FWomen&color=720,https://n.nordstrommedia.com/id/sr3/5a1c4179-2262-4b06-a418-adc8d28bdd27.jpeg?h=365&w=240&dpr=2,Sanaa Slide Sandal (Women),33.97 – 39.97,99.00,Nordstrom Rack
https://www.nordstromrack.com/s/ted-baker-london-jensina-quilted-leather-wallet/6169625?origin=category-personalizedsort&breadcrumb=Home%2FClearance%2FWomen&color=030,https://n.nordstrommedia.com/id/sr3/551fa80c-5b76-4e4b-9061-78d83c62c3c2.jpeg?h=365&w=240&dpr=2,Jensina Quilted Leather Wallet,41.24 – 54.99,16.97,Nordstrom Rack
https://www.nordstromrack.com/s/kikit-v-neck-tie-front-tank-joggers/7343524?origin=category-personalizedsort&breadcrumb=Home%2FClearance%2FWomen&color=650,https://n.nordstrommedia.com/id/sr3/a6d68c9d-6a7c-4644-8d59-c0c9586d99ff.jpeg?h=365&w=240&dpr=2,V-Neck Tie Front Tank & Joggers,7.64,64.00,Nordstrom Rack
https://www.nordstromrack.com/s/barefoot-dreams-luxechic-diamond-quilt-slipper-women/6836143?origin=category-personalizedsort&breadcrumb=Home%2FClearance%2FWomen&color=684,https://n.nordstrommedia.com/id/sr3/f02e4ed1-d9c0-4a29-8391-7e6e7c130b58.jpeg?h=365&w=240&dpr=2,LuxeChic Diamond Quilt Slipper (Women),39.97,50.00,Nordstrom Rack
https://www.nordstromrack.com/s/dkny-sheers-strapless-underwire-bra/4868308?origin=category-personalizedsort&breadcrumb=Home%2FClearance%2FWomen&color=603,https://n.nordstrommedia.com/id/sr3/62926ea2-9f90-4065-9daa-c6e63c36ff1d.jpeg?h=365&w=240&dpr=2,Sheers Strapless Underwire Bra,12.98 – 19.97,7.9,Nordstrom Rack
https://www.nordstromrack.com/s/fendi-58mm-cat-eye-sunglasses/6598693?origin=category-personalizedsort&breadcrumb=Home%2FClearance%2FWomen&color=040,https://n.nordstrommedia.com/id/sr3/d167e809-5dd8-4454-ab06-14f1bf2e15d0.jpeg?h=365&w=240&dpr=2,58mm Cat Eye Sunglasses,71.48,435.00,Nordstrom Rack
https://www.nordstromrack.com/s/kikit-teddy-tank-top-shorts-pajama-set/6871255?origin=category-personalizedsort&breadcrumb=Home%2FClearance%2FWomen&color=110,https://n.nordstrommedia.com/id/sr3/e63889a3-6ad4-4441-8aca-176001d63d93.jpeg?h=365&w=240&dpr=2,Teddy Tank Top & Shorts Pajama Set,8.99 – 19.97,19.97,Nordstrom Rack
https://www.nordstromrack.com/s/eye-brows-styler-brow-pencil/4956879?origin=category-personalizedsort&breadcrumb=Home%2FClearance%2FWomen&color=200,https://n.nordstrommedia.com/id/sr3/80130923-a4a1-4561-ba4c-430a8bb4397e.jpeg?h=365&w=240&dpr=2,Eye Brows Styler Brow Pencil,17.85,21.00,Nordstrom Rack
https://www.nordstromrack.com/s/6490355?origin=category-personalizedsort&breadcrumb=Home%2FClearance%2FWomen&color=710,https://n.nordstrommedia.com/id/sr3/acd54213-09a0-46f0-8991-8d113febaf2e.jpeg?h=365&w=240&dpr=2,SF Fine 14K Gold Mixed Diamond and Solid Cuff Earrings,299.97,610.00,Nordstrom Rack
https://www.nordstromrack.com/s/fitflop-gracie-flip-flop-women/5858499?origin=category-personalizedsort&breadcrumb=Home%2FClearance%2FWomen&color=001,https://n.nordstrommedia.com/id/sr3/260dfda6-cece-4bec-845a-6e0aaf51d94b.jpeg?h=365&w=240&dpr=2,Gracie Flip Flop (Women),58.97,90.00,Nordstrom Rack
https://www.nordstromrack.com/s/drybar-super-lemon-drop-daily-detangler/4532811?origin=category-personalizedsort&breadcrumb=Home%2FClearance%2FWomen&color=000,https://n.nordstrommedia.com/id/sr3/35645487-d33d-4232-a3f9-e6c1bb60256e.jpeg?h=365&w=240&dpr=2,Super Lemon Drop Daily Detangler,17.00,20.00,Nordstrom Rack
https://www.nordstromrack.com/s/madewell-love-earring-pack/6578374?origin=category-personalizedsort&breadcrumb=Home%2FClearance%2FWomen&color=710,https://n.nordstrommedia.com/id/sr3/f7e61db9-9d27-45b2-a2e0-22580a578db8.jpeg?h=365&w=240&dpr=2,Love Earring Pack,9.73,14.97,Nordstrom Rack
https://www.nordstromrack.com/s/6836732?origin=category-personalizedsort&breadcrumb=Home%2FClearance%2FWomen&color=002,https://n.nordstrommedia.com/id/sr3/2ec48524-6530-4eb9-a677-4a86c533c14d.jpeg?h=365&w=240&dpr=2,Emmie Heeled Sandal,69.97,129.95,Nordstrom Rack
https://www.nordstromrack.com/s/dilite-2-slim-heel-pump-women/7167339?origin=category-personalizedsort&breadcrumb=Home%2FClearance%2FWomen&color=002,https://n.nordstrommedia.com/id/sr3/e53f833c-581f-41a0-ac19-8cbbb9097bac.jpeg?h=365&w=240&dpr=2,Dilite 2 Slim Heel Pump (Women),29.23 – 33.73,79.00,Nordstrom Rack
https://www.nordstromrack.com/s/philosophy-travel-size-snow-angel-shampoo-shower-gel-bubble-bath-limited-edition/6489290?origin=category-personalizedsort&breadcrumb=Home%2FClearance%2FWomen&color=000,https://n.nordstrommedia.com/id/sr3/bae5a03e-386a-4cf1-86c6-8cfe9e1d551b.jpeg?h=365&w=240&dpr=2,"travel size snow angel shampoo, shower gel & bubble bath (Limited Edition)",3.13,8.97,Nordstrom Rack
https://www.nordstromrack.com/s/abound-spa-butter-hairband-socks-set/6175059?origin=category-personalizedsort&breadcrumb=Home%2FClearance%2FWomen&color=610,https://n.nordstrommedia.com/id/sr3/4d42e8cf-601c-4be4-9592-f262b40efc30.jpeg?h=365&w=240&dpr=2,Spa Butter Hairband & Socks Set,5.48 – 9.97,9.97,Nordstrom Rack
https://www.nordstromrack.com/s/aimee-kestenberg-ashley-leather-pouch/6157760?origin=category-personalizedsort&breadcrumb=Home%2FClearance%2FWomen&color=425,https://n.nordstrommedia.com/id/sr3/1e481d5a-5927-44cc-a7af-5417647a651b.jpeg?h=365&w=240&dpr=2,Ashley Leather Pouch,5.99 – 14.97,48.00,Nordstrom Rack
https://www.nordstromrack.com/s/mia-adyson-flat-women/7111709?origin=category-personalizedsort&breadcrumb=Home%2FClearance%2FWomen&color=001,https://n.nordstrommedia.com/id/sr3/321f72bd-150c-4318-8d99-316a8f1fb626.jpeg?h=365&w=240&dpr=2,Adyson Flat (Women),24.99 – 39.97,59.99,Nordstrom Rack
https://www.nordstromrack.com/s/matte-lipstick/7169395?origin=category-personalizedsort&breadcrumb=Home%2FClearance%2FWomen&color=082,https://n.nordstrommedia.com/id/sr3/4cc1167a-9b1b-4828-b3e8-bf9eb8183333.jpeg?h=365&w=240&dpr=2,Matte Lipstick,18.70,22.00,Nordstrom Rack
https://www.nordstromrack.com/s/abound-morgan-lace-longline-bralette/6714201?origin=category-personalizedsort&breadcrumb=Home%2FClearance%2FWomen&color=450,https://n.nordstrommedia.com/id/sr3/f4df7c7c-0d52-4e2f-bd3f-932040da6a63.jpeg?h=365&w=240&dpr=2,Morgan Lace Longline Bralette,10.98 – 19.97,19.97,Nordstrom Rack
https://www.nordstromrack.com/s/hue-side-slit-faux-leather-7-8-leggings/7065009?origin=category-personalizedsort&breadcrumb=Home%2FClearance%2FWomen&color=930,https://n.nordstrommedia.com/id/sr3/4b452781-ef8e-4ab5-be70-c98de12e8856.jpeg?h=365&w=240&dpr=2,Side Slit Faux Leather 7/8 Leggings,11.99,55.00,Nordstrom Rack
https://www.nordstromrack.com/s/set-of-3-smooth-band-stone-ring/6683728?origin=category-personalizedsort&breadcrumb=Home%2FClearance%2FWomen&color=710,https://n.nordstrommedia.com/id/sr3/36f0ae5b-c715-47a1-a098-368107cbb5ff.jpeg?h=365&w=240&dpr=2,Set of 3 Smooth Band & Stone Ring,8.78,15.97,Nordstrom Rack
https://www.nordstromrack.com/s/90-degree-by-reflex-carbon-interlink-half-zip-jacket/7179767?origin=category-personalizedsort&breadcrumb=Home%2FClearance%2FWomen&color=001,https://n.nordstrommedia.com/id/sr3/150d1d49-4c13-47d6-a7fa-005172c49533.jpeg?h=365&w=240&dpr=2,Carbon Interlink Half Zip Jacket,19.99,72.00,Nordstrom Rack
https://www.nordstromrack.com/s/hamilton-bifold-quilted-wallet/6160086?origin=category-personalizedsort&breadcrumb=Home%2FClearance%2FWomen&color=001,https://n.nordstrommedia.com/id/sr3/074b170e-3e76-489c-acba-6d4a14baeb0c.jpeg?h=365&w=240&dpr=2,Hamilton Bifold Quilted Wallet,13.18 – 14.39,21.97 – 78.00,Nordstrom Rack
https://www.nordstromrack.com/s/bcbgeneration-on-the-wild-side-underwire-bra-pack-of-2/7308974?origin=category-personalizedsort&breadcrumb=Home%2FClearance%2FWomen&color=651,https://n.nordstrommedia.com/id/sr3/f82f710d-61c6-46b2-a600-e33ee2d036d7.jpeg?h=365&w=240&dpr=2,On the Wild Side Underwire Bra - Pack of 2,10.98,58.00,Nordstrom Rack
https://www.nordstromrack.com/s/logo-tote-bag/7065716?origin=category-personalizedsort&breadcrumb=Home%2FClearance%2FWomen&color=001,https://n.nordstrommedia.com/id/sr3/85b33aa4-9b9f-401d-9910-2ed47da3aaae.jpeg?h=365&w=240&dpr=2,Logo Tote Bag,99.99,295.00,Nordstrom Rack
https://www.nordstromrack.com/s/mac-mac-le-disko-dazzleshadow-eyeshadow/4093281?origin=category-personalizedsort&breadcrumb=Home%2FClearance%2FWomen&color=710,https://n.nordstrommedia.com/id/sr3/da088517-3261-4fa7-81fb-94f0f94c3526.jpeg?h=365&w=240&dpr=2,MAC Le Disko Dazzleshadow Eyeshadow,12.97 – 20.40,21.00 – 24.00,Nordstrom Rack
https://www.nordstromrack.com/s/kiehls-since-1851-ultimate-strength-hand-salve/5050445?origin=category-personalizedsort&breadcrumb=Home%2FClearance%2FWomen&color=000,https://n.nordstrommedia.com/id/sr3/06c87da9-ab7c-447b-85ba-53aee8664f63.jpeg?h=365&w=240&dpr=2,Ultimate Strength Hand Salve,18.70,22.00,Nordstrom Rack
https://www.nordstromrack.com/s/bobbi-brown-crushed-lipstick/4731752?origin=category-personalizedsort&breadcrumb=Home%2FClearance%2FWomen&color=600,https://n.nordstrommedia.com/id/sr3/61a87b2a-6b3a-4035-a788-5b2d5161af31.jpeg?h=365&w=240&dpr=2,Crushed Lipstick,27.20 – 32.00,32.00,Nordstrom Rack
https://www.nordstromrack.com/s/honeydew-slept-in-lounge-long-sleeve-top-shorts-2-piece-set/6600414?origin=category-personalizedsort&breadcrumb=Home%2FClearance%2FWomen&color=200,https://n.nordstrommedia.com/id/sr3/95403809-a006-440f-8da0-95d980582dfe.jpeg?h=365&w=240&dpr=2,Slept In Lounge Long Sleeve Top & Shorts 2-Piece Set,9.19 – 22.97,48.00,Nordstrom Rack
https://www.nordstromrack.com/s/abound-taylor-bralette-pack-of-2/6041236?origin=category-personalizedsort&breadcrumb=Home%2FClearance%2FWomen&color=311,https://n.nordstrommedia.com/id/sr3/ae789602-f9f7-44d2-a886-954cae728844.jpeg?h=365&w=240&dpr=2,Taylor Bralette - Pack of 2,13.98 – 19.97,19.97,Nordstrom Rack
https://www.nordstromrack.com/s/adornia-tri-tone-swarovski-crystal-half-eternity-band-set/5995644?origin=category-personalizedsort&breadcrumb=Home%2FClearance%2FWomen&color=960,https://n.nordstrommedia.com/id/sr3/cef3a7c4-3fb6-4f4d-b8d4-6ac6f0c25232.jpeg?h=365&w=240&dpr=2,Tri-Tone Swarovski Crystal Half Eternity Band Set,19.98,125.00,Nordstrom Rack
https://www.nordstromrack.com/s/mac-mini-macstack-mascara/6666844?origin=category-personalizedsort&breadcrumb=Home%2FClearance%2FWomen&color=001,https://n.nordstrommedia.com/id/sr3/9581e497-5090-4120-a373-4a18d0ecb6f4.jpeg?h=365&w=240&dpr=2,MAC Mini MACStack Mascara,13.60,16.00,Nordstrom Rack
https://www.nordstromrack.com/s/90-degree-by-reflex-seamless-v-neck-crop-rib-tank/6809059?origin=category-personalizedsort&breadcrumb=Home%2FClearance%2FWomen&color=615,https://n.nordstrommedia.com/id/sr3/3719b7b9-3c89-485d-907a-f9037cbac9e3.jpeg?h=365&w=240&dpr=2,Seamless V-Neck Crop Rib Tank,9.73 – 14.97,32.00,Nordstrom Rack
https://www.nordstromrack.com/s/wildfox-breakfast-in-bed-shorty-pajama-set/7189410?origin=category-personalizedsort&breadcrumb=Home%2FClearance%2FWomen&color=272,https://n.nordstrommedia.com/id/sr3/9a17607a-431d-4070-b7a2-62eebdea3da9.jpeg?h=365&w=240&dpr=2,Breakfast in Bed Shorty Pajama Set,10.39,74.00,Nordstrom Rack
https://www.nordstromrack.com/s/hobo-lacy-leather-wallet/6063642?origin=category-personalizedsort&breadcrumb=Home%2FClearance%2FWomen&color=705,https://n.nordstrommedia.com/id/sr3/d6790afb-b551-4f70-ad27-4c08ebdbd850.jpeg?h=365&w=240&dpr=2,Lacy Leather Wallet,29.98 – 41.97,68.00 – 88.00,Nordstrom Rack
https://www.nordstromrack.com/s/hobo-king-leather-wristlet/6751862?origin=category-personalizedsort&breadcrumb=Home%2FClearance%2FWomen&color=227,https://n.nordstrommedia.com/id/sr3/1d6b2051-5be3-43c4-a5dd-0cbc524d99e0.jpeg?h=365&w=240&dpr=2,King Leather Wristlet,34.99 – 51.97,88.00 – 98.00,Nordstrom Rack
https://www.nordstromrack.com/s/mac-satin-lipstick/7169396?origin=category-personalizedsort&breadcrumb=Home%2FClearance%2FWomen&color=726,https://n.nordstrommedia.com/id/sr3/570285d4-5e49-491e-a44e-337f1c5f89c0.jpeg?h=365&w=240&dpr=2,Satin Lipstick,18.70,22.00,Nordstrom Rack
https://www.nordstromrack.com/s/wacoal-finesse-molded-underwire-t-shirt-bra/3513900?origin=category-personalizedsort&breadcrumb=Home%2FClearance%2FWomen&color=486,https://n.nordstrommedia.com/id/sr3/a7e6a85a-0f37-451d-80ee-c8f95f95a89a.jpeg?h=365&w=240&dpr=2,Finesse Molded Underwire T-Shirt Bra,19.99 – 31.97,68.00,Nordstrom Rack
https://www.nordstromrack.com/s/american-leather-co-philadelphia-leather-hobo-bag/7122970?origin=category-personalizedsort&breadcrumb=Home%2FClearance%2FWomen&color=002,https://n.nordstrommedia.com/id/sr3/f1e5f934-ec8f-4b2e-a586-c24ee5808aca.jpeg?h=365&w=240&dpr=2,Philadelphia Leather Hobo Bag,58.49,175.00,Nordstrom Rack
https://www.nordstromrack.com/s/sam-edelman-sam-edleman-antonia-pointed-toe-pump-women/6759001?origin=category-personalizedsort&breadcrumb=Home%2FClearance%2FWomen&color=300,https://n.nordstrommedia.com/id/sr3/0c1c375c-1dba-40dd-9162-401754963ad3.jpeg?h=365&w=240&dpr=2,Sam Edleman Antonia Pointed Toe Pump (Women),49.99 – 69.97,150.00,Nordstrom Rack
https://www.nordstromrack.com/s/bp-bp-snap-detail-bralette/5856236?origin=category-personalizedsort&breadcrumb=Home%2FClearance%2FWomen&color=001,https://n.nordstrommedia.com/id/sr3/d03c2c22-be58-4b25-8825-4a2f277ffefa.jpeg?h=365&w=240&dpr=2,Snap Detail Bralette,5.97,15.00,Nordstrom Rack
https://www.nordstromrack.com/s/easy-spirit-fraya-walking-sneaker-women/7191615?origin=category-personalizedsort&breadcrumb=Home%2FClearance%2FWomen&color=400,https://n.nordstrommedia.com/id/sr3/189b80e9-12ff-4491-a7d1-3c2a7d9314b6.jpeg?h=365&w=240&dpr=2,Fraya Walking Sneaker (Women),38.98 – 44.98,79.00,Nordstrom Rack
https://www.nordstromrack.com/s/dkny-litewear-cut-anywhere-3-pack-hipster-briefs/5861518?origin=category-personalizedsort&breadcrumb=Home%2FClearance%2FWomen&color=500,https://n.nordstrommedia.com/id/sr3/1516d865-0d35-4c2b-8481-aa63c4fd31ba.jpeg?h=365&w=240&dpr=2,Litewear Cut Anywhere 3-Pack Hipster Briefs,8.23,33.00,Nordstrom Rack
https://www.nordstromrack.com/s/adornia-14k-yellow-gold-plated-stainless-steel-mixed-band-stackable-ring-set/6713970?origin=category-personalizedsort&breadcrumb=Home%2FClearance%2FWomen&color=710,https://n.nordstrommedia.com/id/sr3/cd24e529-35d1-4f04-8833-6049012497e8.jpeg?h=365&w=240&dpr=2,14K Yellow Gold Plated Stainless Steel Mixed Band Stackable Ring Set,19.98,85.00,Nordstrom Rack
https://www.nordstromrack.com/s/the-sak-esperato-nylon-crossbody-bag/6627493?origin=category-personalizedsort&breadcrumb=Home%2FClearance%2FWomen&color=076,https://n.nordstrommedia.com/id/sr3/02c1b7bb-cfbb-40d6-a395-5eefb46004e7.jpeg?h=365&w=240&dpr=2,Esperato Nylon Crossbody Bag,39.98,99.00,Nordstrom Rack
https://www.nordstromrack.com/s/mario-badescu-drying-lotion/2920702?origin=category-personalizedsort&breadcrumb=Home%2FClearance%2FWomen&color=000,https://n.nordstrommedia.com/id/sr3/2b1bc800-4325-423c-8fe4-e9a8a39656f2.jpeg?h=365&w=240&dpr=2,Drying Lotion,14.45,17.00,Nordstrom Rack
https://www.nordstromrack.com/s/betsey-johnson-v-neck-sleeveless-bush-gardens-seersucker-minidress/7235371?origin=category-personalizedsort&breadcrumb=Home%2FClearance%2FWomen&color=537,https://n.nordstrommedia.com/id/sr3/1a67b0f8-7292-4b95-9e94-ae6b4b00cf52.jpeg?h=365&w=240&dpr=2,V-Neck Sleeveless Bush Gardens Seersucker Minidress,39.98 – 49.97,89.00,Nordstrom Rack
https://www.nordstromrack.com/s/open-edit-shirred-sheer-camisole/6562818?origin=category-personalizedsort&breadcrumb=Home%2FClearance%2FWomen&color=001,https://n.nordstrommedia.com/id/sr3/5d4c0912-48c7-441f-9ddc-f1a7bf6e47b7.jpeg?h=365&w=240&dpr=2,Shirred Sheer Camisole,9.80 – 14.70,49.00,Nordstrom Rack
https://www.nordstromrack.com/s/faux-suede-roll-tab-open-topper/7038381?origin=category-personalizedsort&breadcrumb=Home%2FClearance%2FWomen&color=277,https://n.nordstrommedia.com/id/sr3/ea21dcf2-87d0-40a2-8fb9-48aeb04f14e0.jpeg?h=365&w=240&dpr=2,Faux Suede Roll Tab Open Topper,31.49 – 44.99,118.00,Nordstrom Rack
https://www.nordstromrack.com/s/wildfox-spades-hearts-sleep-dress/7148751?origin=category-personalizedsort&breadcrumb=Home%2FClearance%2FWomen&color=100,https://n.nordstrommedia.com/id/sr3/f08406fa-9f65-4d3f-91e7-595ffd5e3104.jpeg?h=365&w=240&dpr=2,Spades & Hearts Sleep Dress,9.99,74.00,Nordstrom Rack
https://www.nordstromrack.com/s/adidas-cuff-knit-beanie/6818490?origin=category-personalizedsort&breadcrumb=Home%2FClearance%2FWomen&color=001,https://n.nordstrommedia.com/id/sr3/982e11f6-d4e6-43af-a6c9-a94c7a466cb8.jpeg?h=365&w=240&dpr=2,Cuff Knit Beanie,12.74,20.00,Nordstrom Rack
https://www.nordstromrack.com/s/vince-camuto-kaiza-leather-crossbody-bag/6867018?origin=category-personalizedsort&breadcrumb=Home%2FClearance%2FWomen&color=001,https://n.nordstrommedia.com/id/sr3/808ccc9a-6167-408c-8bfe-1fb6f2cceee8.jpeg?h=365&w=240&dpr=2,Kaiza Leather Crossbody Bag,44.99,74.99,Nordstrom Rack
https://www.nordstromrack.com/s/tie-front-tank-short-pajamas/7296792?origin=category-personalizedsort&breadcrumb=Home%2FClearance%2FWomen&color=400,https://n.nordstrommedia.com/id/sr3/c39b50e6-6f2c-42a0-8dae-19599e9703f8.jpeg?h=365&w=240&dpr=2,Tie Front Tank Short Pajamas,7.49,14.97,Nordstrom Rack
https://www.nordstromrack.com/s/kurt-geiger-london-drench-multi-card-holder/7263526?origin=category-personalizedsort&breadcrumb=Home%2FClearance%2FWomen&color=682,https://n.nordstrommedia.com/id/sr3/04ab38dd-5970-42e0-a482-da058b528922.jpeg?h=365&w=240&dpr=2,Drench Multi Card Holder,22.48,65.00,Nordstrom Rack
https://www.nordstromrack.com/s/urban-decay-grindhouse-double-barrel-sharpener/3882433?origin=category-personalizedsort&breadcrumb=Home%2FClearance%2FWomen&color=000,https://n.nordstrommedia.com/id/sr3/88c0f8cd-9f90-427b-9a9c-034b7b922a45.jpeg?h=365&w=240&dpr=2,Grindhouse Double Barrel Sharpener,10.20,12.00,Nordstrom Rack
https://www.nordstromrack.com/s/clinique-moisture-surge-sheertint-hydrator-broad-spectrum-spf-25/5607799?origin=category-personalizedsort&breadcrumb=Home%2FClearance%2FWomen&color=900,https://n.nordstrommedia.com/id/sr3/44397f52-785c-4c67-aa15-68dec615a3ff.jpeg?h=365&w=240&dpr=2,Moisture Surge Sheertint Hydrator Broad Spectrum SPF 25,35.70,42.00,Nordstrom Rack
https://www.nordstromrack.com/s/sam-edelman-wanda-pointed-toe-flat-women/6573392?origin=category-personalizedsort&breadcrumb=Home%2FClearance%2FWomen&color=100,https://n.nordstrommedia.com/id/sr3/8482aa49-31fd-476e-a1be-4a68c11c9235.jpeg?h=365&w=240&dpr=2,Wanda Pointed Toe Flat (Women),45.97 – 79.97,120.00,Nordstrom Rack
https://www.nordstromrack.com/s/urban-decay-anti-aging-eyeshadow-primer-potion/4023474?origin=category-personalizedsort&breadcrumb=Home%2FClearance%2FWomen&color=000,https://n.nordstrommedia.com/id/sr3/61b8c75a-0180-450a-b8b1-936df4f4a10b.jpeg?h=365&w=240&dpr=2,Anti-Aging Eyeshadow Primer Potion,22.95,27.00,Nordstrom Rack
https://www.nordstromrack.com/s/american-leather-co-taylor-leather-shoulder-bag/7122968?origin=category-personalizedsort&breadcrumb=Home%2FClearance%2FWomen&color=001,https://n.nordstrommedia.com/id/sr3/25097f67-b84e-451c-9a6d-dfaf0d38fb85.jpeg?h=365&w=240&dpr=2,Taylor Leather Shoulder Bag,49.49,175.00,Nordstrom Rack
https://www.nordstromrack.com/s/plaid-drape-collar-cardigan/7035032?origin=category-personalizedsort&breadcrumb=Home%2FClearance%2FWomen&color=644,https://n.nordstrommedia.com/id/sr3/da1a06e6-e604-4dee-8eb6-cc74e728b37b.jpeg?h=365&w=240&dpr=2,Plaid Drape Collar Cardigan,29.99,39.99,Nordstrom Rack
https://www.nordstromrack.com/s/nordstrom-rack-v-neck-t-shirt/6267093?origin=category-personalizedsort&breadcrumb=Home%2FClearance%2FWomen&color=050,https://n.nordstrommedia.com/id/sr3/51352a7c-2902-4893-ad19-0d182e76f185.jpeg?h=365&w=240&dpr=2,V-Neck T-Shirt,5.39 – 17.97,17.97,Nordstrom Rack